Unnamed: 0,0,1,2,3,4,5,6,7,8,9,10,11,12,13,14,15,16,17,18,19,20,21,22,23,24,25,26,27,28,29,30,31,32,33,34,35,36,37,38,39,speaker
0.0,-441.8282,108.78032,-39.301502,13.038117,-7.9200964,0.33077717,-12.241232,-5.9163713,-7.1440477,-10.249003,-6.7500887,-11.448826,-5.200335,-12.812038,-5.6416755,-4.4172015,-11.39835,-6.66225,-4.016273,-8.04892,-10.781565,-7.520801,-7.893211,-6.2042294,-4.6755624,-7.9681873,-6.780587,-4.7013054,-6.6130357,-5.4374304,-5.31095,-5.3984427,-2.8091404,-4.0794535,-3.3689392,-2.7204397,-1.6162384,-1.3306998,-3.7420762,-2.7631142,0.0
1.0,-502.2908,120.48119,-41.442104,7.8020477,-4.1961303,-3.2281291,-9.342909,-5.552614,-6.2863364,-9.516412,-7.0604277,-10.360828,-6.874337,-13.910627,-5.681044,-4.9499154,-10.130634,-6.2199774,-7.1492205,-9.07995,-11.7382345,-8.420606,-7.6375885,-6.840715,-5.33062,-8.053097,-6.339457,-4.8388395,-5.7134194,-4.538439,-4.7361336,-4.050513,-2.543969,-3.9531333,-3.7173386,-2.800668,-2.1432424,-2.9878414,-3.987376,-3.1356878,0.0
2.0,-444.90686,110.27546,-38.679363,9.555197,-5.9848523,-1.3880701,-11.711202,-5.483926,-8.392405,-10.402054,-6.6526113,-12.233431,-5.5061383,-13.448267,-6.2885103,-4.8172154,-11.019015,-6.4765587,-5.211754,-7.6626263,-10.582907,-7.4194465,-7.476124,-6.9509926,-5.164101,-7.3968625,-6.360187,-4.0956454,-5.5136757,-5.0803175,-5.065335,-5.037946,-3.6127813,-4.542428,-3.3605824,-2.1348574,-1.0668854,-2.193636,-3.2403913,-2.2103722,0.0
3.0,-473.0158,117.9797,-37.80369,8.889762,-3.1898298,-4.38193,-12.282817,-5.3751664,-6.7640085,-10.546443,-7.43443,-10.922723,-6.2821975,-12.764038,-4.943471,-5.226334,-11.767155,-7.466719,-6.2963576,-8.945035,-11.527996,-7.693478,-8.123536,-6.654109,-5.255543,-7.8145704,-6.715225,-5.683626,-6.026342,-5.4891768,-4.9664416,-4.59117,-3.3619897,-4.2211385,-4.743298,-3.1155562,-1.5359136,-2.4677062,-3.2923317,-2.6751432,0.0
4.0,-475.09906,111.17782,-41.717567,8.0757065,-5.0196633,-4.356465,-14.044315,-2.2508287,-7.4214435,-10.3132515,-5.8819127,-11.182321,-5.8580003,-14.097224,-4.043869,-4.4419527,-11.387727,-6.0407295,-2.5691566,-7.4054484,-13.809296,-8.391988,-8.969456,-7.2041936,-5.151775,-6.7324333,-6.372242,-5.601199,-5.1294837,-5.851508,-5.260421,-5.546229,-3.2046556,-3.3306673,-3.674706,-2.0216088,-1.5058441,-2.7500083,-4.1447706,-2.2197304,0.0
5.0,-473.3993,112.87728,-40.218758,8.997249,-1.1513892,-5.6559224,-12.353963,-2.0600417,-7.056036,-13.667499,-6.8002815,-8.342394,-10.35065,-15.487206,-3.1631284,-6.746528,-10.116853,-6.0257187,-5.0596275,-6.9852395,-12.902854,-6.501184,-8.141812,-7.4505734,-6.2035127,-8.664774,-5.141031,-4.7790556,-5.4379563,-6.296803,-4.9555464,-5.4425707,-3.6067889,-2.0990112,-4.1761737,-2.245344,-1.6332297,-2.6261053,-4.0474234,-3.5151646,0.0
6.0,-465.3476,110.28679,-39.65147,8.445544,-4.284179,-5.5584235,-14.0866585,-1.5196204,-7.029539,-12.699606,-5.232214,-9.022554,-7.496394,-15.407549,-3.2840815,-4.692907,-11.321433,-6.841629,-4.720983,-6.212781,-13.072177,-6.830432,-7.270192,-6.7955747,-5.368274,-7.2231207,-4.9541373,-6.047097,-4.817151,-6.0816274,-5.382418,-6.268101,-4.9297113,-1.5764524,-4.5315514,-1.9700526,-0.71262485,-2.2497385,-3.6444721,-3.8243942,0.0
7.0,-467.5982,118.73418,-40.969345,8.128124,-4.953415,-4.798862,-12.726934,-3.3510048,-9.095619,-13.8745,-6.0857415,-9.657455,-10.875732,-15.328697,-4.126482,-6.6398845,-10.342394,-8.5205,-5.9654202,-6.312495,-12.9668455,-8.666552,-7.5818877,-6.4155526,-7.3788314,-6.4915123,-5.02617,-6.427062,-4.6458583,-6.7636113,-5.897091,-5.2343698,-3.3947988,-2.2215412,-3.475726,-0.9773629,-1.5094905,-2.104471,-2.821597,-3.5312693,0.0
8.0,-472.57895,113.877686,-37.138874,4.175767,-0.22207305,-6.506543,-12.125183,-6.0833125,-8.853825,-12.831744,-7.183437,-7.307925,-9.163409,-13.580136,-2.7331052,-6.177036,-11.699932,-6.9739904,-4.850858,-7.1454296,-11.891879,-7.229325,-7.601679,-6.9650726,-6.350731,-9.145775,-7.2576737,-6.1923947,-5.9638243,-5.55558,-4.337483,-4.465732,-3.409603,-3.7882862,-5.0223475,-2.487806,-1.840393,-2.7819996,-3.3964055,-3.3281515,0.0
9.0,-443.81357,120.631905,-39.860035,5.4677033,-4.1027536,-7.784292,-9.035657,-5.933097,-11.825473,-12.982606,-6.1936393,-10.298251,-8.941671,-10.4611435,-6.1833262,-7.5330296,-9.911731,-6.904777,-5.652365,-7.940377,-10.542343,-7.210861,-6.8752847,-7.5430403,-6.2189775,-6.9048533,-6.2915087,-5.274155,-7.1451616,-6.288507,-5.8752375,-5.8550277,-3.193714,-2.8548632,-2.7487652,-1.707979,-0.31854504,-1.5679575,-3.1124647,-3.2925737,0.0
10.0,-502.74316,120.23315,-45.851967,10.472577,-6.673572,-5.4936776,-13.171205,-3.2873507,-9.134124,-13.439217,-4.3021426,-8.5103855,-10.386157,-14.447228,-1.6624709,-7.5385213,-11.140652,-6.675858,-5.657987,-7.9778337,-13.259422,-6.5999775,-9.056684,-7.2508273,-7.3027487,-9.058176,-5.356767,-6.791394,-6.2328696,-6.7853327,-6.002724,-6.798368,-4.725235,-2.0042233,-3.80439,-1.4681371,6.63e-06,-3.0091257,-5.253599,-3.8663242,0.0
11.0,-561.62225,118.47909,-41.345615,6.9084196,-3.3460796,-7.282958,-12.477462,-5.7898154,-9.42712,-13.147794,-5.5242944,-7.9795823,-10.732942,-13.959182,-2.8840947,-7.2270393,-10.789979,-6.474453,-6.3121867,-7.1477633,-12.19172,-7.109942,-8.804993,-7.802739,-5.551534,-9.524248,-5.9558253,-4.586602,-5.742008,-6.290061,-5.751552,-6.488349,-4.41964,-2.553446,-3.9460096,-2.1589181,-1.5293983,-3.050978,-3.5266633,-3.0745695,0.0
12.0,-470.33817,110.14255,-37.30137,7.383124,-2.2807486,-4.5375977,-12.101893,-3.7301636,-7.285607,-14.036106,-5.4737873,-8.038828,-9.654999,-12.592864,-2.7058303,-6.225356,-10.225898,-5.798212,-5.677878,-7.0935235,-10.725355,-6.9149146,-7.986893,-7.1400943,-6.962037,-9.6904125,-6.9679847,-4.682958,-5.0477653,-5.659545,-4.4681077,-5.4491334,-3.2119484,-2.7887723,-3.6267183,-1.7665929,-2.1837587,-2.6827636,-3.249222,-1.8034327,0.0
13.0,-500.2226,118.40298,-39.101185,7.206746,-2.5094397,-5.0803556,-12.234758,-3.8846686,-7.1920815,-13.47707,-5.665318,-8.558444,-11.748244,-13.824339,-2.836352,-7.7267923,-10.585833,-6.7560854,-5.672771,-6.954264,-12.702448,-8.002597,-8.966938,-7.4250546,-6.8270197,-9.393368,-6.594532,-5.6649137,-5.202119,-5.629597,-4.4855194,-4.5623336,-3.53767,-2.460254,-2.3966272,-1.0191698,-0.6040381,-2.0996542,-4.1682935,-3.4587114,0.0
14.0,-530.7052,120.00436,-43.623047,11.148616,-6.0812445,-3.404856,-12.345513,-3.4634333,-7.0752506,-12.663691,-3.0132728,-9.237445,-10.20313,-12.642578,-2.5296998,-6.01557,-9.403043,-4.984147,-5.076924,-7.529731,-11.340508,-6.9679556,-9.70324,-6.6865625,-5.065021,-7.7548,-5.108003,-3.5974822,-5.4296517,-6.6085,-5.2031627,-6.316854,-4.2143426,-2.7908382,-2.701711,-1.215389,-0.6878563,-1.7829164,-4.108529,-3.70518,0.0
15.0,-468.78833,115.01874,-34.227303,4.6909637,-2.4391062,-5.6014357,-11.795927,-7.5717034,-7.8702884,-13.972816,-7.3958955,-8.955818,-11.560406,-11.718845,-2.7463422,-6.00568,-9.476543,-5.3818603,-5.117987,-7.665021,-10.340915,-6.8082995,-7.2635655,-5.7409005,-6.4450107,-9.057678,-6.3523116,-4.3721285,-4.844193,-6.5029793,-5.092228,-4.873938,-2.730972,-1.083601,-2.1125634,-1.3548617,-2.5941436,-4.375334,-5.45632,-4.5218654,0.0
16.0,-543.0468,123.67946,-37.281864,10.630129,-3.8040679,-3.351678,-9.0924,-8.088308,-6.894046,-12.183972,-5.5666866,-9.856518,-11.560293,-11.539121,-4.6038766,-7.4868207,-9.550847,-5.6405306,-6.706589,-8.331494,-11.031157,-8.855407,-8.966354,-6.033986,-6.111895,-8.992937,-6.1175084,-4.911899,-5.4691577,-6.2645454,-5.1453233,-5.2974844,-4.736113,-3.2982526,-3.2549012,-2.64235,-2.0423317,-2.6561053,-3.8589802,-2.8027067,0.0
17.0,-478.06375,114.43392,-37.27479,6.420944,-2.829501,-4.5400906,-9.841031,-6.7062645,-8.856408,-13.076393,-5.238794,-7.9407396,-10.911274,-11.0782,-2.7371209,-7.1061964,-9.079259,-6.033383,-6.4925494,-7.7517295,-10.79893,-7.2483997,-8.912888,-6.9826226,-6.6212034,-9.292918,-5.402063,-4.800918,-6.2534223,-6.876705,-5.3253326,-4.9136653,-4.018887,-3.3040326,-3.7681997,-1.806942,-1.5789938,-2.6485488,-3.240186,-2.5572402,0.0
18.0,-564.9225,123.659,-46.91011,10.634884,-6.4131017,-2.5013824,-11.444766,-4.3942957,-7.5345087,-13.597164,-4.5725703,-9.859854,-9.248708,-12.238449,-3.209202,-7.762582,-9.9394245,-6.1199293,-7.468674,-7.5704284,-11.411465,-5.9394555,-8.495827,-6.7579207,-5.6039486,-10.768041,-6.7676578,-5.3700805,-6.181844,-6.399455,-5.322534,-5.3100033,-4.8223763,-3.7946289,-3.9194865,-3.1112227,-1.8032761,-3.3475983,-4.3718367,-2.19388,0.0
19.0,-497.3518,122.164635,-40.68877,9.973115,-1.8391986,-3.0667002,-10.5996895,-3.1902382,-6.568864,-11.401204,-2.579841,-7.340028,-8.634812,-10.017396,-1.1159624,-6.376858,-8.766825,-4.9052634,-4.9879775,-6.132414,-9.645678,-4.4894543,-6.99735,-5.2808423,-5.345343,-9.604006,-6.147739,-4.707769,-4.324305,-5.0103354,-4.0370374,-4.165398,-3.449709,-2.3310673,-2.1223755,-0.2426869,-0.18994926,-1.4778839,-2.642227,-1.8772858,0.0
20.0,-538.621,130.03745,-53.085804,18.317982,-12.584712,2.938681,-16.513275,-1.6876382,-11.466588,-13.129315,-4.939932,-10.06075,-7.6629715,-14.969759,0.014273072,-11.02807,-8.626761,-6.8058395,-5.792212,-6.88045,-12.297738,-4.6989207,-9.562742,-5.168352,-8.439492,-8.667795,-6.3803644,-6.1502085,-5.113327,-6.1585817,-4.105115,-4.8713083,-3.3995662,-3.9994948,-3.1678483,-2.4641938,-1.0215696,-1.8205203,-3.286184,-2.2023954,0.0
21.0,-395.3727,96.23778,-37.722492,17.609482,-10.05927,-5.4848847,-8.078949,-6.859742,-7.2322774,-8.572361,-14.816733,-9.001281,-7.133255,-14.946053,-2.0284114,-10.759611,-10.035025,-5.3546677,-8.967156,-6.394579,-6.0441217,-5.986687,-6.977848,-3.5641713,-7.206599,-9.517147,-6.043638,-6.860253,-5.482787,-4.1999125,-4.5432625,-4.875644,-3.8567462,-4.241644,-5.49241,-3.2798452,-1.5269355,-1.1452571,0.80309725,0.7978264,0.0
22.0,-433.58743,123.208115,-57.96673,30.23732,-18.688799,-1.1716769,-12.256964,-6.7620683,-9.7022295,-6.3925686,-14.219321,-13.114868,-5.3721743,-18.177794,-1.7640665,-12.485687,-9.82984,-6.582527,-8.267581,-6.1726375,-9.106131,-5.917363,-6.593931,-2.7686028,-7.539672,-6.9957066,-6.989709,-7.7020674,-5.6146016,-6.530309,-5.8442454,-6.706448,-3.7950578,-4.9407744,-6.020223,-3.8914406,-2.6740158,-2.425666,-0.5496318,-0.564576,0.0
23.0,-483.92288,121.15251,-52.825092,25.762726,-16.165926,-0.45608005,-10.53067,-5.1654997,-9.321947,-7.0619545,-11.885767,-13.44017,-6.6359406,-17.017218,-1.2886865,-9.786636,-9.764121,-7.5414853,-8.4865465,-7.6470375,-9.099395,-4.959978,-8.1115055,-4.050651,-8.061022,-8.182655,-7.158456,-8.802407,-5.94359,-5.163947,-4.2708454,-5.3238845,-4.282504,-4.643676,-4.3743057,-2.2069092,-1.6172514,-2.3374994,0.70578355,1.104732,0.0
24.0,-468.61243,126.72529,-58.904816,29.099981,-19.595495,-0.12037377,-12.836496,-5.6335306,-9.443233,-8.080853,-13.400573,-15.235584,-4.3802557,-14.912025,-2.5183115,-11.196454,-8.697237,-7.806102,-10.197132,-8.390898,-8.55055,-6.1292734,-8.686196,-4.787591,-7.48738,-5.872519,-4.9260283,-5.40951,-5.907929,-5.227377,-6.012558,-5.42548,-2.5964603,-5.2185006,-4.715958,-3.553044,-1.6964444,-2.8448515,-0.18217275,0.88605285,0.0
25.0,-448.9165,125.71896,-58.373215,29.222559,-22.141268,-1.4687461,-14.384064,-8.658252,-9.124793,-8.808971,-13.607521,-14.090067,-7.8901706,-15.93436,-4.3605967,-13.508324,-9.190099,-8.986436,-10.259679,-8.910795,-8.430504,-5.5107455,-6.9807835,-1.5049366,-6.44207,-8.461389,-7.064228,-7.8403883,-7.3004403,-4.8000956,-6.1842995,-6.893098,-3.8877156,-5.1836667,-3.885553,-3.4061627,-2.774915,-3.672838,-1.6618577,-0.026088363,0.0
26.0,-431.6399,123.17826,-51.927788,25.820244,-16.491457,-3.1741657,-10.626037,-7.7918296,-7.736954,-8.732007,-13.562663,-13.4792385,-6.7269897,-16.031914,-3.4474773,-11.933169,-9.965165,-6.7862377,-9.893465,-6.921172,-7.557974,-6.3774357,-7.3651643,-3.573606,-7.820572,-7.431389,-6.7066307,-6.9109883,-5.9684625,-6.534738,-6.127013,-6.7147374,-3.8572206,-4.9765644,-4.6332088,-3.566071,-2.040082,-0.6556467,0.5189943,0.76658994,0.0
27.0,-477.42355,118.39039,-56.563065,30.443607,-21.33276,-1.6135893,-12.608647,-8.393675,-8.968822,-7.72672,-11.939503,-13.232683,-6.721728,-14.597953,-5.435015,-12.513726,-5.9297824,-6.862765,-7.821943,-6.32753,-7.3925443,-4.9060884,-7.395719,-3.019556,-8.94092,-8.428514,-7.1216664,-7.8568025,-6.697321,-5.1180787,-5.204729,-7.407899,-4.3921723,-4.9239655,-4.180571,-3.717755,-2.1929858,-0.95163876,1.3155447,2.0338387,0.0
28.0,-451.98352,127.97745,-61.469288,29.12878,-20.141155,-4.415486,-12.47042,-5.2633615,-9.943273,-8.655825,-12.606898,-15.1464615,-5.3383408,-16.128708,-3.608742,-11.419304,-6.9794397,-5.45697,-8.331413,-7.8668094,-8.138462,-5.2719164,-8.029177,-2.9409428,-7.5639687,-6.397563,-7.784759,-7.9050612,-6.903522,-6.006462,-4.552876,-7.239597,-3.2336354,-6.0104914,-5.560073,-3.2464912,-1.9028183,-1.7256038,-0.08701055,1.5715497,0.0
29.0,-576.5341,114.72238,-45.83184,19.816658,-9.468587,-8.354373,-6.112493,-10.288824,-7.2726264,-8.381915,-12.324771,-11.214881,-7.245249,-14.455142,-5.7048407,-9.591741,-10.663829,-5.527773,-9.457407,-6.9789643,-6.3138766,-6.647656,-5.853033,-5.2778554,-8.021081,-8.841958,-8.384643,-8.261653,-7.6856003,-5.4636436,-4.2182055,-6.3409038,-3.2300608,-3.2802482,-4.2070055,-1.9199389,-2.0492752,-1.1361706,0.058204416,0.8028835,0.0
30.0,-496.89316,135.73204,-67.18693,31.904781,-26.661076,1.6672027,-12.967673,-6.5643196,-9.996955,-7.803698,-10.146886,-14.593035,-6.4140353,-14.759027,-3.3803601,-12.185584,-7.538018,-9.614354,-9.403099,-7.292311,-9.719226,-4.7713137,-5.2963614,-3.058004,-6.07848,-5.001571,-8.110643,-7.612654,-6.944574,-4.038089,-3.5915911,-6.282833,-3.3351717,-5.3120914,-4.2379117,-3.5739172,-3.6503913,-3.1940255,-0.27212554,-0.40893456,0.0
31.0,-441.57443,127.52074,-60.31852,31.980062,-21.93056,-0.5788699,-12.893657,-6.2921615,-10.533824,-6.6588593,-10.833937,-12.599131,-3.9280992,-16.200327,-2.2681162,-13.454501,-9.332129,-9.149273,-9.7656975,-7.926571,-9.316763,-3.8441064,-5.621724,-1.9300729,-8.270543,-6.4386783,-7.441709,-8.612539,-7.3528185,-6.9642205,-5.607532,-6.529547,-3.53267,-5.798507,-5.5780063,-4.4370513,-2.902361,-3.05475,-2.0554345,0.08533537,0.0
32.0,-431.10602,117.506546,-51.004974,24.47467,-14.955604,-3.2298036,-10.027485,-8.667944,-7.6712813,-8.530954,-13.727388,-13.111368,-6.2743893,-15.670198,-2.592947,-9.868979,-8.715434,-5.4602966,-7.876295,-7.046016,-9.22054,-6.51118,-8.501821,-4.744134,-8.406223,-8.140785,-7.215918,-7.9021764,-5.816943,-5.520601,-3.8655207,-6.435077,-3.6324182,-4.2752423,-5.908791,-3.5988562,-3.751198,-2.8625617,-1.1603522,0.5033384,0.0
33.0,-420.35516,119.30798,-52.746143,26.148325,-16.160646,-6.3102784,-10.72789,-7.229647,-12.355475,-9.237541,-8.531117,-14.057967,-6.213346,-12.076605,-5.4595594,-12.135647,-7.523112,-7.9024134,-9.588166,-7.35702,-10.23664,-5.822379,-7.8916597,-5.6141624,-7.034604,-6.545408,-6.691507,-7.6594152,-5.4665465,-5.117435,-5.6114626,-6.531601,-3.892973,-5.8422074,-5.994995,-5.030296,-5.43119,-3.2205036,-3.1260564,-2.1855056,0.0
34.0,-417.45523,113.20997,-48.367466,24.72619,-15.332878,-3.9793284,-8.860348,-8.232134,-7.9085693,-10.861136,-13.500743,-13.640966,-8.76226,-15.616465,-4.755262,-11.6969185,-9.1459,-7.004494,-8.415067,-7.1444054,-9.619576,-5.124095,-7.1117277,-3.2358115,-6.4430146,-5.5304723,-4.348943,-6.2741127,-2.9513328,-5.000093,-4.733372,-5.976537,-3.5549583,-3.8416648,-6.2718973,-4.2318096,-4.5940747,-4.137369,-2.3537595,-1.3513428,0.0
35.0,-415.4547,107.0994,-38.833843,19.030611,-11.52352,-4.2289143,-10.950944,-8.361522,-7.821072,-9.183966,-11.356541,-12.196826,-6.8887234,-15.075098,-6.259462,-8.545712,-11.157839,-6.7544546,-6.8554792,-9.134246,-8.956686,-6.727124,-8.411704,-5.568938,-7.7329865,-7.810352,-5.8448954,-6.198826,-3.8640864,-4.5562162,-5.306132,-5.8142304,-4.590564,-3.9286528,-5.585431,-3.9673743,-3.1720538,-3.6678314,-1.0275083,0.24722478,0.0
36.0,-384.4497,104.94,-41.189476,13.0966425,-9.434141,-7.4008656,-12.986981,-3.8510463,-10.356751,-13.620426,-8.953712,-15.656294,-9.671178,-8.430399,-6.114073,-10.796177,-6.8132024,-7.2185345,-9.099398,-10.187903,-9.43959,-6.309674,-9.980943,-7.308002,-9.088018,-7.2649217,-6.8775373,-4.7674136,0.2701146,-0.9644038,1.5160582,0.29280186,-2.2087727,-2.337645,-3.2194967,-1.7102741,0.032712877,-2.2033424,-2.1382215,-0.76655596,0.0
37.0,-420.5656,128.34999,-54.022274,25.12273,-17.24478,-3.977047,-18.034014,-7.403768,-11.641792,-11.695157,-10.113586,-17.882362,-4.9300723,-11.858064,-2.9885488,-11.133437,-11.052637,-8.273471,-6.64038,-6.148659,-8.354205,-3.3534284,-9.805501,-5.8062015,-8.428773,-7.9,-4.8726087,-6.9108915,-6.6888933,-5.634389,-5.06831,-6.3497906,-2.3980196,-4.808628,-5.9210753,-4.515915,-2.9453347,-3.0191498,-0.19557577,3.697684,0.0
38.0,-405.829,109.8364,-45.686703,22.598997,-14.084008,-6.3061047,-10.957465,-6.1414576,-9.664019,-10.147881,-9.705559,-13.469453,-8.0632515,-12.805276,-3.9846754,-11.6833515,-10.065576,-7.6599617,-7.7437944,-8.094143,-8.393447,-2.8215935,-7.3955426,-3.0762284,-7.566551,-6.805081,-5.322781,-9.42625,-4.8516617,-6.1000514,-5.0048833,-4.9171886,-4.275816,-5.500632,-6.0075917,-2.446808,-2.2656255,-1.5599567,0.3822025,1.557807,0.0
39.0,-399.32587,108.16064,-43.021515,20.6163,-10.720538,-4.3503647,-9.852314,-3.8318822,-10.696023,-11.120823,-10.639433,-12.967661,-8.232836,-13.617918,-3.9941604,-11.967028,-9.722021,-6.5328846,-7.790657,-8.511996,-8.525753,-4.7876315,-8.882638,-4.1072736,-7.793959,-8.966457,-6.5305495,-7.3987126,-4.4566164,-3.9204721,-4.431278,-6.110748,-3.3280032,-4.258451,-6.6549616,-3.8699417,-2.5113363,-3.3157856,0.108061455,2.498624,0.0
40.0,-417.70782,106.98202,-43.094013,18.063883,-11.136758,-7.073004,-9.667539,-4.93098,-11.050892,-11.453241,-8.57506,-12.9283285,-8.002903,-11.545611,-4.167734,-11.521176,-9.37659,-5.92437,-8.573794,-7.82262,-9.088045,-5.691994,-7.754952,-4.900627,-7.5364566,-7.9035277,-7.132451,-8.153117,-4.2891617,-4.7563715,-4.880812,-5.8694763,-2.9480329,-4.3985796,-6.8428893,-3.6059778,-4.1077905,-3.6412425,-0.99683017,0.32558078,0.0
41.0,-406.37723,103.784515,-45.21566,19.02537,-11.052158,-9.923004,-7.4516387,-6.169704,-13.023025,-9.833357,-9.525524,-13.383524,-8.672242,-11.731286,-4.7003174,-12.292095,-9.551232,-6.773724,-9.417622,-8.721781,-7.9828124,-4.8207164,-7.438059,-3.6043818,-7.7226167,-7.971049,-6.070521,-8.7448015,-4.5916414,-4.7211404,-5.6615686,-5.1255527,-2.8150513,-4.419457,-4.482929,-2.0185843,-5.0827036,-4.18734,-1.200782,-1.0757563,0.0
42.0,-359.7108,97.423416,-40.065514,19.013577,-16.51366,-0.5500699,-12.872947,-10.444336,-7.882332,-13.485142,-9.327771,-10.068475,-9.541215,-11.953808,-4.735188,-10.45248,-9.319092,-7.412979,-9.438623,-6.5195127,-9.000987,-7.5720763,-6.10243,-4.7616606,-5.7165093,-5.6886044,-5.3166957,-4.737116,-4.172744,-5.705889,-3.4534256,-5.8271832,-4.756881,-3.3653493,-4.720836,-3.519814,-3.330952,-2.317236,-0.80873716,-1.3714465,0.0
43.0,-450.80103,128.74556,-60.488186,26.747131,-23.564325,2.787954,-12.884989,-3.1541245,-9.317311,-11.0185375,-8.350545,-12.410626,-8.12101,-13.294163,-3.136165,-14.081625,-6.2326035,-10.986153,-9.368243,-6.940659,-11.585776,-6.51862,-7.8066936,-4.7942543,-8.7398205,-4.8939395,-4.661044,-4.2302094,-5.0329733,-3.8995516,-2.7910507,-4.2745275,-2.2946796,-4.969735,-3.2383957,-3.0261602,-2.6064405,-3.2650404,-2.0925686,-1.9579666,0.0
44.0,-472.20804,135.30154,-64.24778,24.064594,-23.306154,7.309942,-14.45837,-0.3801421,-10.408049,-8.360937,-7.6343718,-12.858117,-6.861741,-14.663119,-4.030471,-12.491237,-7.9953575,-10.201164,-6.6599274,-7.6967163,-9.348815,-6.619755,-9.466034,-5.7968235,-10.100873,-6.4105725,-7.642719,-6.8441415,-5.7580357,-6.4227333,-4.3512096,-5.162152,-2.9320304,-4.2110248,-3.2153537,-4.0597396,-2.5555787,-2.470286,-1.9755803,-0.91575027,0.0
45.0,-478.87283,135.1634,-64.057884,24.008196,-25.691124,9.661684,-15.3541565,1.7911098,-10.7574625,-6.9718227,-5.637149,-10.897281,-6.125162,-14.208,-3.617152,-10.940479,-7.1503053,-9.917373,-5.7902236,-6.516138,-8.1632,-6.0449185,-8.885006,-5.794058,-9.8931265,-6.4237323,-6.3997006,-6.078615,-5.2380323,-5.1297307,-3.5359454,-6.009137,-3.769787,-4.57077,-2.6167884,-3.7386563,-2.9931684,-3.025728,-1.3773175,-0.50921416,0.0
46.0,-472.02982,137.05823,-65.81645,25.377254,-24.284891,8.19358,-16.961483,-0.0248122,-10.856949,-8.724728,-8.041471,-12.696907,-6.188114,-15.555063,-4.5996704,-12.164805,-7.139238,-10.432838,-6.34121,-7.7411966,-10.717305,-5.976419,-8.76319,-4.9389467,-9.72751,-7.2695208,-7.302579,-7.6945553,-6.090533,-5.434703,-2.946148,-3.9403973,-3.2776508,-4.150488,-2.1541762,-3.5372305,-1.6464666,-2.2547846,-1.7448299,-1.0692543,0.0
47.0,-406.9435,115.940346,-51.202335,17.790365,-15.676849,-1.3016287,-14.88014,-7.9952946,-9.588491,-13.2738905,-9.651432,-9.826864,-7.9564376,-13.433154,-2.720862,-10.687573,-8.9297905,-8.705836,-8.563253,-6.8693857,-10.357138,-7.7537093,-8.023625,-6.1278872,-7.50249,-4.6149993,-5.1742578,-5.6410065,-4.7677927,-2.9653254,-1.7094948,-5.09343,-3.6451356,-4.941614,-5.343783,-3.2461183,-3.165805,-3.6696224,-2.0682213,-1.7940099,0.0
48.0,-415.67734,116.16259,-53.12422,23.656618,-17.451357,-0.19563623,-12.461324,-4.000858,-9.076634,-11.553652,-8.619602,-10.566049,-6.7585907,-13.999526,-4.083812,-13.409885,-9.926746,-9.493923,-10.541192,-6.999817,-10.227347,-7.7834077,-8.229223,-5.8145394,-9.188671,-6.413689,-6.446287,-6.2447853,-4.353313,-5.167336,-3.1451173,-6.542832,-4.7117815,-3.9932373,-4.100304,-3.100257,-3.7378821,-5.3427424,-3.1122477,-1.8339515,0.0
49.0,-471.68317,129.48749,-70.082184,30.195652,-31.11905,8.634393,-19.562338,1.6367295,-11.363469,-10.820665,-9.434982,-11.964504,-7.6498365,-16.291502,-2.0235577,-12.587692,-7.498387,-11.02986,-8.220506,-8.160495,-11.443052,-6.499317,-9.022868,-5.7341948,-11.1303835,-7.7192674,-7.523424,-7.644789,-4.9299006,-4.7922926,-1.5654393,-4.427057,-2.3748348,-3.9616258,-3.9895403,-4.268342,-2.2484703,-4.132789,-2.6457534,-2.1152654,0.0
50.0,-455.77722,129.33272,-62.75797,29.03335,-25.37793,7.848389,-17.080357,1.494085,-10.446749,-10.284428,-7.3968472,-11.60739,-5.902429,-16.17203,-2.2792814,-12.38372,-7.6147027,-10.244301,-7.0986104,-7.571074,-10.549035,-6.251727,-9.979248,-4.9290395,-10.024757,-6.185021,-5.738507,-6.445487,-4.4614496,-4.3929424,-1.6936566,-3.7596834,-3.139534,-3.9039097,-2.8894947,-2.4166696,-2.1744475,-3.8440213,-2.00894,-1.9092956,0.0
51.0,-456.94864,125.75857,-66.81466,28.581282,-27.62702,7.621426,-18.21277,0.94413215,-11.874963,-11.446341,-9.053119,-11.945213,-6.6144333,-16.625175,-2.603346,-12.283662,-8.409679,-11.176072,-8.233024,-7.3646646,-10.379952,-6.299568,-8.575912,-6.5870476,-11.322585,-7.36888,-6.9131274,-6.624357,-5.0507765,-4.8974857,-1.7601317,-3.693133,-2.746216,-3.5752704,-3.6735916,-3.2624004,-1.7803315,-3.8674793,-1.7528634,-1.4333978,0.0
52.0,-439.2756,122.09384,-58.591457,25.018724,-23.962591,1.715488,-16.436422,-2.2166367,-9.872305,-11.898188,-8.9184675,-12.33835,-7.8604074,-16.018412,-2.6179833,-13.530539,-7.6506715,-10.583066,-9.237037,-6.505398,-10.385194,-5.077938,-7.3011,-4.566823,-9.217293,-6.303976,-7.4725947,-7.5911293,-5.4485183,-5.257728,-2.2612147,-3.1809819,-2.7521684,-3.4957814,-4.0298777,-3.6972985,-2.8454614,-3.7604268,-2.351344,-2.628549,0.0
53.0,-449.48785,125.25206,-64.31536,25.951975,-24.793375,5.0829606,-15.551424,-0.63825876,-8.816288,-9.491465,-7.448692,-11.898947,-6.330301,-15.024441,-2.724445,-12.488415,-8.976257,-8.693472,-7.321727,-7.9561014,-10.01407,-7.2371883,-9.5775795,-5.8693905,-10.6816025,-6.0980988,-5.893394,-5.1058555,-3.3321083,-4.671023,-2.331558,-4.985496,-3.6599493,-2.5166311,-2.7000172,-3.0982866,-2.1104598,-4.8271813,-2.6369865,-1.8728812,0.0
54.0,-436.7146,121.5989,-59.56072,23.412785,-22.247133,2.6739824,-13.311417,-3.348429,-8.989317,-10.714414,-8.97888,-13.532226,-5.6976395,-14.421752,-4.960668,-11.931632,-10.162502,-8.769647,-9.481337,-8.704878,-9.755103,-8.402702,-8.607773,-6.5608196,-10.143677,-5.9479966,-6.9824195,-5.2154975,-3.481192,-4.7133512,-2.9297593,-4.796349,-3.5106423,-4.2799873,-3.3667715,-2.8465242,-3.1181142,-3.603794,-1.0116752,-1.1149768,0.0
55.0,-437.3626,121.07136,-58.029747,20.615198,-21.938559,1.6110847,-12.401309,-4.8794146,-7.4762387,-11.2844305,-8.679519,-12.314143,-7.0887375,-12.84388,-3.7816365,-11.270469,-8.702408,-6.789678,-8.06479,-7.0765963,-9.298861,-8.302692,-8.9718075,-6.877697,-8.789596,-6.517105,-6.836109,-4.100291,-4.851019,-5.957716,-2.514258,-3.7911885,-1.1931607,-2.458171,-3.3884718,-3.1657076,-2.3871803,-2.98234,-1.2837727,-1.1642956,0.0
56.0,-443.85367,124.39909,-60.855015,24.067097,-23.488583,2.8860354,-12.470001,-2.147885,-8.343065,-10.143958,-9.250151,-11.872763,-6.6763153,-15.649893,-4.145477,-11.6723385,-7.325487,-7.813858,-7.389251,-7.909941,-9.680559,-7.5092463,-8.758417,-5.841147,-10.319007,-6.380069,-6.7892714,-4.613233,-4.672169,-4.792889,-2.3280168,-4.442885,-2.7542932,-2.9011717,-2.1103213,-3.3815012,-2.8951254,-3.8287773,-2.1282692,-1.5229245,0.0
57.0,-440.71783,121.03987,-61.289093,21.246132,-23.315321,1.0884066,-13.605208,-3.4914527,-8.478777,-10.100749,-8.427711,-11.923092,-6.499449,-14.351143,-3.9578125,-10.6398325,-8.573493,-8.274216,-8.003963,-8.009502,-9.588501,-7.1559873,-8.055505,-6.3731465,-10.1006975,-6.7317386,-6.9090624,-4.853399,-3.637069,-3.9678252,-1.2930162,-3.4214582,-3.3016024,-3.5237691,-2.833884,-3.2892005,-2.6673625,-3.145951,-1.1763054,-1.1623911,0.0
58.0,-430.4991,115.20212,-55.49636,18.777925,-20.109367,-0.04570923,-13.292475,-4.774009,-8.193474,-10.366848,-8.439888,-11.847679,-6.69743,-14.023575,-4.9027805,-11.108241,-8.41793,-7.399742,-6.967141,-6.550357,-9.927839,-7.016085,-8.723362,-6.7549415,-9.098562,-6.208146,-5.864717,-5.298118,-3.8305984,-4.5783505,-2.8445773,-4.8973784,-3.666302,-3.2009223,-3.4439428,-3.6752777,-2.750031,-3.098137,-1.4670067,-1.3068179,0.0
59.0,-432.968,117.09648,-62.198475,25.017635,-25.70766,2.6482973,-14.158773,-2.774981,-8.628532,-12.266864,-8.941793,-11.258788,-8.529889,-13.095948,-4.341732,-11.496051,-7.974724,-11.268353,-7.813498,-7.959746,-10.867106,-7.6547003,-9.484671,-7.1989994,-9.867494,-5.819213,-4.653599,-4.54611,-4.582384,-4.50338,-3.0770745,-4.1690917,-2.2593112,-2.3009863,-2.5614026,-4.164109,-2.038593,-2.8253489,-1.4351294,-0.844596,0.0
60.0,-419.44495,115.23329,-54.99409,26.351582,-20.71416,2.3150258,-14.994044,-2.8573878,-9.627837,-10.70371,-8.08101,-10.93335,-7.395785,-14.577068,-3.081666,-12.5316105,-8.36352,-8.988403,-7.6085863,-7.1366653,-10.300042,-8.290258,-9.526363,-7.0822678,-11.559884,-6.892028,-5.6988196,-3.600339,-2.322466,-3.670314,-2.0320377,-3.6291144,-2.2955642,-1.8626533,-3.0714016,-3.9388645,-2.4488728,-4.3544254,-2.4012864,-0.7943366,0.0
61.0,-438.71777,119.49842,-59.01126,25.72734,-23.027216,6.240783,-17.480747,1.78894,-10.28324,-10.280313,-8.354872,-10.868851,-5.763019,-14.832014,-1.7217598,-13.315494,-7.236477,-9.051844,-7.0574636,-6.732728,-10.131897,-6.974128,-9.369805,-5.838619,-10.937787,-6.1025743,-5.798519,-5.74465,-3.936611,-4.461716,-1.6531907,-3.9370468,-2.9208114,-2.955701,-3.7572188,-3.9066105,-2.3912978,-3.1049995,-1.0865103,-1.5467135,0.0
62.0,-417.2575,116.12557,-57.256527,22.475363,-22.219841,-2.8854902,-16.275385,-3.7014072,-8.99527,-10.122427,-6.853473,-10.974518,-7.926718,-16.674967,-3.691424,-14.419877,-8.805211,-7.699567,-8.154909,-5.3886404,-7.7820644,-4.8133516,-9.068763,-4.973776,-10.096243,-6.429077,-4.824026,-7.2966557,-4.3817487,-4.873912,-3.5276494,-4.9616594,-3.2464142,-2.1754293,-3.4070356,-2.6640968,-1.784189,-3.0187423,-1.3229736,-0.92263925,0.0
63.0,-416.95898,115.781395,-50.50963,17.94889,-19.709988,3.6386893,-13.956189,-3.150895,-9.922902,-10.305676,-8.925701,-14.851284,-7.0601864,-14.818449,-5.5653377,-8.960276,-9.157008,-9.28577,-5.8293514,-7.428806,-11.17218,-7.7090054,-9.266889,-7.7066154,-10.498502,-5.6889524,-6.40065,-4.7264357,-2.5131478,-3.9444964,-3.3962092,-6.0862064,-4.7118087,-5.4725757,-2.31527,-3.7757204,-2.450877,-1.767024,-1.6172222,-0.5387071,0.0
64.0,-421.20306,124.53133,-54.617928,24.191244,-25.499619,4.466069,-15.956742,-2.5086513,-8.822365,-6.8384376,-9.039597,-12.719494,-8.667668,-15.873967,-4.376395,-11.951582,-8.246648,-10.152852,-7.932572,-8.455292,-11.407238,-9.636085,-10.258913,-8.178229,-11.538439,-4.4353714,-6.66515,-5.0881414,-1.293211,-4.19297,-2.9287765,-5.478493,-5.596578,-5.3456836,-2.9409404,-3.6625628,-2.120712,-2.8056319,-1.9765661,-1.9654269,0.0
65.0,-420.0227,117.20013,-54.874836,20.574705,-22.798044,2.6464913,-15.930431,-3.9510493,-8.773612,-9.1989975,-9.028356,-12.560074,-6.898414,-16.737127,-3.572638,-10.72256,-7.363588,-9.071568,-8.314609,-7.6325006,-11.163162,-8.211234,-10.642989,-7.8620925,-10.772023,-5.669622,-7.6052217,-7.058885,-2.8468602,-5.0198317,-4.1752086,-5.2048755,-4.53229,-3.6484454,-2.005968,-2.8630347,-2.124548,-1.4974718,-1.5849714,-3.2330725,0.0
66.0,-415.822,120.79261,-51.056828,19.942862,-21.327675,2.9557874,-15.995489,-3.4644659,-10.02756,-7.272414,-8.329263,-12.178625,-8.585318,-14.859879,-4.4906316,-11.802094,-8.049146,-9.733976,-7.698846,-6.3731613,-8.675755,-7.6231875,-7.8946447,-5.9271765,-9.654278,-5.5358577,-7.2906117,-5.5412626,-3.1873763,-5.2286243,-3.7548778,-5.881238,-4.1796513,-3.407458,-2.5741906,-3.8860092,-3.1550071,-2.0741858,-0.65729177,-2.1297197,0.0
67.0,-437.2479,128.58218,-54.19443,25.604242,-24.464857,5.7103567,-16.896782,-1.8957154,-12.190626,-9.627091,-8.095711,-12.538988,-7.2268634,-15.335689,-3.508279,-13.811403,-7.7431216,-11.10598,-8.608481,-8.256361,-11.868959,-7.464963,-9.406239,-5.1642184,-10.440783,-6.802001,-7.2534337,-8.608157,-5.289229,-4.5523825,-4.5384135,-5.64663,-3.6887696,-5.0387216,-2.5355206,-2.6216385,-2.3430943,-2.8244655,-1.9523063,-1.9198538,0.0
68.0,-410.1026,117.686935,-51.239872,18.388271,-22.458231,2.242604,-14.80388,-4.8990216,-9.271265,-9.339839,-8.895614,-15.138458,-8.435932,-14.16975,-5.653503,-10.1944475,-8.137161,-10.116667,-6.56688,-6.543748,-10.575437,-8.156663,-9.798599,-6.6198354,-11.008312,-4.9610057,-7.07503,-7.9327993,-2.36815,-5.58345,-4.3143997,-5.72565,-3.9469736,-3.916437,-2.61958,-3.3137093,-3.8037412,-1.9466814,-1.7058034,-1.9119431,0.0
69.0,-400.08688,123.40592,-49.12585,22.452202,-23.275503,1.290215,-17.142141,-8.142667,-9.528597,-12.771331,-9.599386,-16.973625,-11.970014,-12.483547,-5.9369893,-13.078217,-7.3502684,-11.070156,-7.768199,-6.386741,-9.8788395,-6.0346127,-6.5456414,-4.0309215,-9.35161,-6.8987837,-8.907379,-7.125085,-3.856429,-5.245843,-3.5693083,-4.2757654,-2.4351947,-1.9842238,-1.9163517,-4.3719444,-4.0081186,-1.1880794,0.579349,-2.4019537,0.0
70.0,-441.60315,123.663704,-62.00535,22.0378,-26.628426,6.0479746,-13.430539,-2.7291155,-9.828257,-7.2101927,-9.65255,-14.522037,-7.2125535,-13.82465,-4.069553,-10.529785,-9.128771,-11.759856,-5.6051044,-5.976616,-11.1546335,-9.400523,-11.307061,-6.3900604,-10.343031,-4.816641,-6.6284103,-6.0400467,-2.5374718,-6.326567,-3.8265114,-5.4936366,-4.856183,-4.948756,-3.0416908,-4.792862,-3.5466328,-2.4669335,-1.7776703,-3.690455,0.0
71.0,-454.55655,128.30565,-62.33856,25.604774,-26.123932,6.1859336,-16.456913,-0.2365164,-10.729046,-9.39498,-10.224294,-14.591016,-7.5580173,-15.463423,-5.3242383,-11.187542,-8.432361,-11.057339,-7.285169,-8.471313,-10.751504,-8.993067,-9.85094,-6.6479535,-10.989479,-5.1111054,-7.832357,-7.628219,-3.1333632,-5.4521036,-4.7055807,-6.2656975,-4.502489,-4.609742,-2.9450307,-4.1276693,-2.6521416,-1.1919326,-0.26458716,-1.702561,0.0
72.0,-453.54245,129.0076,-62.994373,26.542053,-27.457012,9.2571125,-16.495026,-0.55645823,-10.773438,-7.5002584,-9.382221,-13.480934,-6.831264,-15.270514,-4.7848897,-11.765065,-7.1173854,-9.712722,-6.267095,-7.3960514,-10.243527,-10.087073,-9.898122,-5.326201,-9.76118,-4.429973,-6.813279,-6.3036118,-4.493985,-5.935061,-3.6962228,-5.125299,-2.990282,-3.7096727,-2.227065,-3.2967825,-2.086031,-1.5298831,-1.0007465,-3.286905,0.0
73.0,-524.7034,131.78488,-66.371346,25.293894,-26.05288,8.045817,-16.664965,-2.3192813,-9.297854,-8.198321,-8.968113,-15.675481,-6.2141867,-13.702453,-4.90228,-10.669901,-8.644204,-10.0153475,-8.324041,-8.189901,-9.049303,-9.835887,-9.737392,-6.2440505,-11.16489,-5.8146486,-7.8202705,-5.6646924,-2.601699,-4.50767,-3.120697,-5.3763156,-4.7827053,-5.13624,-1.9898529,-3.3888092,-2.7668777,-2.3940353,-0.9744705,-1.9765526,0.0
74.0,-459.0187,128.79507,-65.085335,26.245419,-29.631886,7.473905,-17.684454,-1.8095508,-11.242594,-6.2501183,-10.838949,-13.730572,-6.9078526,-13.066861,-5.591022,-10.765429,-6.941765,-10.501204,-7.617415,-7.246735,-7.8064756,-9.089797,-7.763897,-5.7817802,-9.872472,-4.44831,-7.0697827,-4.4757657,-1.4528614,-4.3133273,-3.4710376,-5.789014,-4.096196,-4.5874014,-1.1779606,-3.8066177,-3.2744858,-2.7721243,-1.5149562,-1.9592571,0.0
75.0,-456.95514,130.00562,-64.016785,27.278637,-29.066315,7.8675847,-16.219412,-4.2787905,-10.231501,-7.819195,-8.994687,-14.858049,-6.5292478,-14.108179,-5.727716,-11.423019,-9.014331,-11.426562,-8.064773,-6.967779,-8.965801,-9.742279,-9.09829,-6.3556256,-9.463643,-4.2981715,-8.317594,-5.219085,-2.8656297,-5.2031355,-4.2835503,-5.6155734,-3.529991,-4.7110744,-0.5086809,-2.4685638,-2.6208303,-2.816532,-1.5266825,-0.9939823,0.0
76.0,-449.741,128.9004,-60.784668,23.357094,-25.005394,6.760404,-13.713238,-3.4882753,-7.402153,-9.034736,-9.049247,-14.369619,-5.5363073,-12.8986025,-5.4509025,-10.718657,-7.6440177,-10.176074,-8.681445,-6.977386,-10.313938,-9.751882,-9.194937,-6.978375,-9.045716,-3.5614252,-7.133817,-4.3028264,-3.108105,-4.60043,-3.2606325,-5.9456873,-3.794889,-4.6790504,-1.1206719,-3.5481079,-2.66978,-1.1862553,-1.5706913,-2.1597764,0.0
77.0,-433.94012,125.487495,-54.0036,25.193455,-20.581364,0.6020876,-12.996427,-7.3965597,-9.567315,-9.867143,-11.855763,-15.230599,-8.004257,-13.735098,-4.807541,-10.263519,-8.213538,-9.286446,-8.347847,-7.6950035,-8.317443,-9.807253,-9.145948,-6.198458,-11.024835,-4.205468,-6.9898562,-4.80902,-1.6319335,-3.5541391,-3.2834363,-5.819091,-4.698225,-6.0396953,-3.317158,-3.4007397,-3.6614802,-3.2906117,-0.9063562,-0.64028054,0.0
78.0,-446.7084,122.229645,-60.126503,27.159475,-29.862492,8.162945,-18.736883,-3.2943563,-10.056447,-7.91582,-10.598867,-14.197844,-8.500437,-14.71296,-6.0152926,-11.637761,-7.78172,-10.466139,-7.675901,-7.554397,-8.217539,-9.635671,-8.869144,-5.80669,-9.977535,-4.517282,-6.2375374,-5.0073953,-3.7554836,-5.0417867,-4.434248,-7.7306027,-4.570075,-4.5857544,-1.9744366,-2.8410199,-1.618131,-1.4309138,-0.38033184,-0.6872645,0.0
79.0,-460.37283,131.69841,-68.13762,27.066761,-29.697037,9.404817,-17.050304,-2.2397625,-8.742625,-7.837505,-9.602493,-13.063391,-7.4007926,-13.685842,-3.8915303,-10.878896,-7.697433,-10.356931,-7.5007915,-8.006414,-9.732069,-9.121038,-7.4199624,-5.344808,-9.883243,-2.8089678,-7.093089,-4.517433,-1.0454944,-3.4099495,-2.064102,-5.5539427,-4.1823263,-4.807315,-0.74477404,-2.9652734,-1.5868518,-2.2917933,-1.1579331,-0.47251704,0.0
80.0,-441.12003,128.96736,-70.15099,30.440384,-29.957447,4.289625,-16.56525,-4.5347695,-5.273202,-9.042252,-7.9852138,-14.449277,-7.33744,-12.920484,-5.698692,-12.693685,-8.298735,-10.096318,-7.5592856,-6.0179906,-8.761459,-9.047925,-8.398468,-5.9145803,-10.330127,-4.412712,-8.371685,-5.0202236,-1.1849562,-4.6063046,-3.744132,-4.963316,-3.541902,-5.6360846,-3.6028109,-3.4425695,-2.0707505,-2.2600653,-2.4292428,-1.9625467,0.0
81.0,-460.73154,129.42308,-67.07156,26.519276,-29.426828,9.652814,-17.157824,-0.49976313,-9.625894,-9.294653,-9.677619,-14.399253,-6.038424,-14.363907,-4.4020047,-12.322807,-8.993724,-10.704415,-7.756959,-7.4255896,-10.760458,-9.00262,-9.565095,-8.178332,-11.229423,-5.8789177,-8.401356,-6.7581425,-2.9747152,-3.9755666,-2.6782143,-5.504203,-3.890441,-4.420671,-2.3048215,-3.6993876,-2.8323083,-1.5647511,-1.6555774,-1.7204409,0.0
82.0,-422.1768,120.61604,-53.279724,19.779976,-22.38235,3.4458952,-15.59923,-3.889973,-10.140905,-11.953084,-7.5337605,-12.43548,-5.6047363,-13.344994,-4.696644,-9.92712,-9.571258,-9.523833,-6.775656,-6.531505,-7.8412385,-6.413114,-8.198554,-6.5927095,-10.818218,-5.578352,-8.104325,-6.6207023,-3.3047414,-4.619699,-3.064838,-5.938392,-3.883886,-3.1523814,-1.2938423,-2.3323867,-2.3376763,-2.3957443,-1.9503596,-1.9108628,0.0
83.0,-441.34634,127.51507,-57.921116,22.725174,-19.487139,4.2626495,-14.164983,-3.0068352,-8.7331505,-9.756513,-10.139647,-13.16091,-8.095551,-14.139695,-3.8109872,-11.718086,-9.091285,-10.265954,-7.3231115,-7.6928473,-11.018775,-8.672974,-9.665887,-6.8602834,-9.05711,-4.50799,-6.510297,-5.302986,-2.7307599,-4.423116,-3.8585684,-5.808026,-3.9645948,-3.6978116,-2.359173,-2.9172568,-3.1063364,-3.402166,-2.2320633,-2.3003273,0.0
84.0,-379.20996,92.61142,-34.87761,6.440399,-10.919637,-0.8990488,-14.014284,-8.301564,-3.702917,-3.4358163,-4.5823627,-8.18193,-5.2796946,-13.384199,-5.178659,-9.153323,-14.942547,-9.037793,-6.671644,-7.940669,-4.85312,-5.5463386,-9.342704,-4.8336945,-7.016943,-7.6492248,-5.5211816,-2.604626,-3.3470216,-5.6487026,-4.559766,-3.5279539,-2.150132,-4.874644,-3.739541,-2.8233507,-2.3705683,-1.4229672,-0.33579817,0.28844875,1.0
85.0,-374.24246,97.26069,-40.00228,6.707094,-10.793764,-0.11244436,-12.585389,-6.676065,-3.290774,-4.632884,-5.469303,-10.80424,-4.173992,-12.598654,-6.827693,-7.078848,-15.418726,-9.055231,-7.3027186,-10.653693,-5.2590833,-7.64412,-10.57788,-4.754504,-8.397452,-8.248965,-5.2943354,-3.28398,-4.2194357,-6.185891,-4.6724944,-5.0049853,-4.265749,-4.412999,-2.4012544,-1.656615,-2.209498,-2.5723267,-1.2219071,-1.0302812,1.0
86.0,-401.39664,101.401924,-36.839153,3.1348054,-10.219885,-0.40635142,-12.008632,-6.7995343,-4.475471,-4.1830726,-6.154981,-10.307206,-7.275117,-13.520106,-5.6036167,-8.482004,-12.9809885,-9.429219,-7.2299633,-9.663127,-6.8337936,-6.2674575,-9.716841,-4.5186796,-7.976568,-7.8764386,-4.6165257,-2.707179,-3.4247868,-6.080758,-4.556416,-3.917404,-3.3761203,-4.212779,-2.107719,-1.8929412,-2.5185442,-2.9045296,-1.3459821,-0.6025773,1.0
87.0,-379.39365,104.97853,-45.03302,10.59742,-16.812315,1.3052528,-16.04169,-8.160593,-5.9943304,-5.4345655,-5.3923125,-12.951838,-5.578767,-15.359448,-6.4064565,-9.80608,-16.419712,-10.235406,-7.3126874,-10.355354,-6.526374,-5.399584,-10.706223,-4.775221,-8.629147,-7.767181,-4.9274235,-2.7783337,-2.2621071,-6.3447266,-3.9254673,-3.6782434,-4.32,-5.473468,-3.157342,-2.6327238,-2.943642,-2.8265293,-1.157588,-0.000396905,1.0
88.0,-422.10547,108.6012,-44.02946,5.6844006,-10.732481,-0.12447298,-13.684756,-6.8986683,-5.5000105,-5.2995334,-5.6917887,-9.843489,-4.9273424,-14.19532,-6.0780835,-7.487742,-14.759197,-10.769928,-7.0655937,-9.724258,-6.8268423,-6.5373263,-10.51322,-4.7025523,-7.5713253,-8.028177,-5.4618077,-2.693454,-3.575929,-6.436627,-4.360837,-4.5506763,-4.0978913,-5.4657674,-2.9658308,-1.8892723,-2.8573215,-3.5208077,-1.719293,-0.44079828,1.0
89.0,-398.79507,99.85073,-41.648815,8.375662,-10.759176,0.43042216,-13.037114,-7.056982,-4.7174783,-5.156714,-5.871966,-10.300326,-5.1815186,-14.452313,-5.282808,-6.9907584,-14.610579,-10.263778,-6.131461,-8.775778,-7.900478,-5.275029,-9.313603,-5.546312,-5.962611,-7.7569647,-5.7656775,-1.7106328,-3.154481,-6.8262973,-5.042274,-4.1187453,-4.2666802,-4.88615,-2.795416,-2.409016,-2.2624602,-3.1659608,-1.4238085,-0.91935575,1.0
90.0,-398.339,112.60203,-46.701088,12.710773,-15.244939,0.2606206,-15.46084,-5.8554564,-6.848699,-6.0816236,-7.0099864,-12.369765,-3.9693346,-17.165287,-5.1674986,-8.771161,-15.951335,-10.913407,-8.406368,-10.270111,-7.9617987,-5.3041224,-11.349672,-5.074851,-7.8537617,-9.0207815,-6.0152617,-3.8994284,-3.0208774,-6.36228,-5.5787897,-4.6633883,-4.4101133,-5.521048,-2.3599076,-3.1475937,-3.4093149,-2.8380117,-1.6063765,-0.43689024,1.0
91.0,-400.24872,103.733444,-39.904144,6.162992,-11.759301,0.8133883,-14.434475,-5.004275,-5.482698,-4.6086445,-5.433145,-10.430883,-5.44852,-15.924696,-5.677006,-6.54973,-15.841357,-9.525233,-5.4145837,-10.554014,-7.25155,-6.5521684,-10.660268,-5.4406786,-7.6897426,-8.094693,-5.406131,-2.5162494,-4.079958,-5.653452,-4.2384343,-5.2550545,-4.209878,-6.130181,-3.9059782,-2.7807314,-2.6386347,-3.3430185,-1.6868556,-1.1423492,1.0
92.0,-393.15042,100.39967,-40.85636,6.1510916,-10.148806,-0.74429864,-14.9785,-5.538774,-4.2036195,-4.3263493,-5.5391297,-11.579295,-5.12983,-15.259125,-5.467627,-6.6326237,-15.229101,-9.9213505,-7.02954,-9.636182,-6.9381065,-5.3461146,-9.901699,-5.247275,-7.239298,-8.90111,-6.12905,-3.434891,-3.701581,-6.3787193,-4.453176,-3.7245622,-4.3964925,-5.2406406,-3.0768356,-2.6535313,-2.4737554,-2.822489,-1.6187317,-0.34652212,1.0
94.0,-415.04663,110.71074,-45.94891,6.181654,-10.342022,-0.79809403,-14.540042,-6.1945624,-5.528961,-5.8836417,-6.36941,-11.36241,-5.7159257,-15.421934,-4.4040084,-7.9553375,-16.12546,-10.463722,-8.096113,-9.158331,-7.3844814,-5.871383,-9.953044,-5.800235,-7.56072,-7.7359056,-4.9373045,-3.9498508,-3.186284,-5.2829723,-4.5686173,-3.5584886,-3.8012161,-5.3389406,-3.6497378,-3.4021795,-3.1642714,-3.1623254,-1.2933427,0.6377541,1.0
95.0,-430.08545,106.75842,-39.661156,8.170114,-9.005346,-0.06891996,-13.979882,-5.2608247,-5.984933,-4.6899676,-6.6068783,-11.961503,-6.7714887,-15.548258,-5.458691,-8.02132,-15.09856,-10.6683,-7.3563275,-9.915647,-7.0816493,-5.19948,-9.750762,-5.753074,-7.587832,-8.107304,-5.788892,-2.5132577,-3.3261433,-5.333292,-3.3428247,-3.6768024,-3.8173683,-5.6970778,-3.8467653,-3.428146,-2.04384,-2.902441,-2.0512347,-0.5348472,1.0
96.0,-434.95865,104.7742,-38.471947,4.00513,-9.187634,-1.4845369,-14.040193,-6.5175824,-6.3622437,-4.7992225,-6.5987773,-11.144429,-5.760375,-15.532729,-5.0575433,-7.2252975,-15.6673975,-10.582201,-6.4489813,-9.147289,-6.7880507,-5.0643444,-8.875781,-3.9083028,-7.4324603,-8.004673,-4.7955484,-3.4141288,-3.2059777,-5.5265846,-4.8590875,-4.002962,-4.232155,-6.2846375,-4.294561,-2.49903,-2.2330868,-3.074158,-1.6001904,-0.6662074,1.0
97.0,-408.55124,111.06164,-45.646065,9.278857,-11.028999,-0.26173025,-15.376504,-5.1836762,-5.7902374,-5.2498255,-6.0919876,-11.170252,-4.634657,-15.377216,-4.343775,-8.171192,-16.713762,-10.251548,-6.780975,-9.067515,-7.8061223,-6.618986,-9.997474,-4.5923433,-7.1266828,-8.700821,-4.7771764,-2.3513706,-4.570597,-6.945662,-6.1365237,-6.6714373,-4.2526097,-5.359819,-3.4708765,-1.4750677,-2.302422,-3.230805,-1.6338525,-1.2227399,1.0
98.0,-523.1606,117.67846,-49.9352,16.353027,-12.678007,-3.1778145,-11.761471,-10.11529,-8.938219,-8.386498,-9.483475,-11.33897,-5.442635,-15.748082,-7.004328,-11.4447155,-15.275081,-8.2324505,-9.820617,-8.217897,-8.909253,-8.634026,-7.147769,-6.086806,-7.1152883,-7.6715136,-5.118921,-3.4916987,-4.359608,-4.195829,-4.717428,-6.123921,-4.575263,-4.696755,-4.061109,-3.2950833,-2.8608856,-3.0584457,-0.96238655,-0.45770347,1.0
99.0,-378.12778,97.572205,-36.822865,3.8270085,-8.485237,-4.638291,-13.474704,-8.8364105,-5.5012984,-5.441446,-8.555428,-8.154712,-6.082112,-14.31529,-2.5546875,-12.02727,-16.02002,-4.6284413,-7.724534,-8.213587,-6.8482337,-6.973101,-7.8733,-4.763572,-5.3398323,-7.331672,-3.6249948,-4.926227,-5.9421077,-4.4931245,-7.008901,-5.147461,-3.6993673,-4.277481,-1.7444054,-1.775173,-1.8411963,-1.8132306,-1.6912572,-2.0607986,1.0
100.0,-378.90933,96.563896,-39.236366,6.8164015,-8.679132,-6.312087,-13.961129,-8.777141,-5.0546975,-4.78921,-7.7624636,-7.2220526,-4.7656307,-12.476995,-4.079684,-11.418428,-14.274226,-8.1856985,-7.9602447,-7.711883,-7.7125144,-5.290613,-8.171081,-5.88626,-4.430177,-7.315734,-4.2267747,-3.8853984,-5.3699164,-3.674763,-5.945379,-4.9610868,-2.8643858,-3.9999168,-2.7493804,-2.8159206,-1.5598246,-2.2145903,-2.0329995,-0.89496976,1.0
101.0,-450.01508,116.64629,-50.678646,15.042009,-15.313461,-0.7545992,-12.92334,-7.4358635,-8.104909,-9.248785,-6.891608,-10.089407,-4.637745,-13.878987,-3.6068628,-9.0002165,-14.318611,-9.527041,-9.297681,-10.058887,-10.117432,-6.9978914,-9.107976,-4.4579554,-7.9438205,-6.9367414,-3.6153867,-5.3300095,-3.1850193,-5.1126866,-5.101779,-6.0869775,-3.0459728,-2.693407,-3.094743,-2.030886,-1.521583,-1.6801394,-2.9720755,-1.4531018,1.0
102.0,-386.5565,107.74272,-41.744522,7.786077,-11.481059,-2.015361,-14.430435,-5.9895444,-8.3156595,-6.689465,-8.877732,-9.807632,-5.559498,-15.102185,-4.089794,-12.051229,-16.273598,-6.51312,-8.1291,-9.587714,-6.756169,-6.9066043,-8.525541,-6.0729804,-6.7613025,-6.5441647,-5.9882007,-4.804744,-5.379259,-5.886644,-6.22514,-6.1432157,-4.4560757,-5.0392475,-2.7598004,-3.943781,-2.1369615,-2.4658275,-2.781297,-2.400442,1.0
103.0,-382.9424,104.57232,-43.463017,9.083777,-11.0953455,-1.2055665,-13.501961,-7.2680874,-8.024097,-4.489498,-9.626517,-9.352753,-4.9923387,-16.129313,-3.6691785,-11.605668,-17.471035,-7.4100294,-6.320395,-10.142445,-7.2357063,-6.2189465,-9.412451,-6.1339636,-6.9365563,-7.0937676,-5.924614,-3.5640118,-4.724157,-4.866625,-5.5481377,-6.420347,-4.2307982,-5.1636524,-3.0627935,-3.8986635,-2.1623719,-3.461976,-2.1590338,-0.40023777,1.0
104.0,-398.52213,101.988174,-43.18523,10.474067,-13.006939,-2.138224,-16.46533,-5.758664,-8.733663,-5.9823394,-8.225259,-8.620663,-3.7190628,-15.232638,-1.561349,-9.315272,-16.714922,-8.476936,-9.420468,-11.011832,-7.5658593,-6.5701456,-8.875254,-5.1812696,-6.0327373,-5.7048793,-3.6071627,-4.4544654,-5.359804,-3.916139,-5.4545608,-5.38286,-3.7498667,-6.0664005,-2.3857849,-3.621473,-1.9660431,-2.728517,-1.675799,0.98195964,1.0
105.0,-385.023,102.15451,-42.30802,4.3715515,-12.785461,-4.662954,-14.114994,-5.657797,-9.531478,-5.011653,-8.938282,-8.185643,-4.294952,-14.643322,-1.804485,-12.512782,-15.651579,-6.5757422,-8.815717,-10.263789,-7.563718,-6.4073806,-8.852043,-5.296494,-5.376044,-6.0593767,-5.1042356,-5.8724957,-5.94089,-4.7801847,-5.3916917,-4.375746,-3.5200806,-4.423885,-3.0671875,-3.2946856,-1.8861748,-3.4323542,-2.2714136,-1.723635,1.0
106.0,-414.53864,113.01676,-48.67435,15.965867,-19.187819,1.4503362,-10.66118,-6.561129,-8.287423,-10.093177,-6.7510123,-11.323155,-6.9541926,-13.607677,-6.4793367,-10.46483,-7.1845546,-9.161591,-7.1193876,-5.4791813,-9.042444,-5.1108255,-8.031256,-5.836699,-8.608702,-7.0812397,-7.078782,-7.207121,-6.1895785,-5.597617,-3.2370036,-4.684041,-2.8855667,-2.9361458,-2.3191926,-2.588571,-2.0675273,-2.0054688,-2.267843,-2.2845845,0.0
107.0,-450.25085,130.61911,-58.170765,22.288965,-19.982552,5.212948,-14.327357,0.75376374,-10.597243,-8.713635,-6.7448874,-13.115622,-5.8276978,-15.270014,-2.4069698,-10.748647,-7.289545,-9.944618,-5.3858657,-5.0237145,-9.259707,-3.9816556,-7.7123017,-4.045521,-8.855866,-7.166729,-7.803581,-7.5723233,-4.8040447,-4.6511416,-2.9353964,-4.559714,-4.1318808,-3.746051,-3.0102131,-2.1913705,-1.171812,-2.3263254,-1.0997128,-0.96425337,0.0
108.0,-426.33395,129.6067,-51.86316,22.758503,-23.832853,1.0670786,-17.363165,-4.7586465,-9.219948,-9.622596,-6.8269362,-13.275964,-7.4154468,-12.012501,-5.950248,-11.786972,-6.644775,-14.050092,-7.868947,-6.4743867,-10.659949,-5.0295835,-7.8877816,-3.2533264,-7.518729,-5.963005,-7.986212,-8.099817,-5.1150746,-5.9738326,-4.2995286,-4.420612,-5.4888372,-6.9187613,-2.9856498,-3.8023674,-3.7029452,-3.2073991,-2.958536,-1.7833859,0.0
109.0,-477.12344,135.93149,-68.60736,29.01389,-32.840073,10.387387,-20.946466,-2.326585,-9.361281,-8.300345,-8.4400015,-14.207842,-7.571039,-12.013559,-4.2029905,-12.342057,-4.838478,-10.084837,-7.131428,-7.4594393,-9.303807,-6.341309,-8.325507,-5.05859,-10.331308,-6.677619,-7.272301,-5.162568,-2.7369993,-4.5798254,-2.5494099,-4.917579,-4.022497,-5.755628,-2.8778222,-4.2428718,-2.3864567,-2.8506513,-1.6866667,-0.03694593,0.0
110.0,-498.46487,133.3868,-67.396065,29.2644,-33.154285,11.270113,-21.688585,-1.7183721,-11.177813,-7.427575,-9.036305,-13.622694,-7.346481,-12.789952,-5.633981,-12.609015,-5.411033,-11.989031,-7.328691,-7.4174895,-10.144596,-6.5662646,-9.002205,-6.2204523,-10.018628,-6.848278,-7.4613833,-6.0244617,-3.5456567,-3.2595053,-2.0043688,-4.815535,-3.2638283,-6.36527,-2.8039367,-4.6145396,-3.612891,-3.6214254,-2.2045894,-0.74977916,0.0
111.0,-425.15997,124.19112,-52.43592,17.281338,-20.927008,5.653947,-18.894056,-4.6581163,-8.419534,-7.98345,-6.1544967,-13.64559,-5.584678,-12.956377,-4.928503,-9.473097,-6.9186096,-8.411369,-7.100432,-6.659885,-8.518396,-6.406226,-8.451671,-5.4728174,-8.7759495,-6.780394,-7.8273635,-6.7582917,-6.0764694,-3.6994762,-1.2154899,-3.844776,-3.0357308,-5.5876307,-2.8219142,-3.5834572,-2.7705922,-2.361104,-1.2659861,-1.424435,0.0
112.0,-417.91528,117.570526,-48.97627,12.531912,-19.60632,0.5996549,-12.589468,-4.4263263,-5.126422,-9.815281,-5.827053,-11.21866,-7.7165866,-10.627134,-5.728444,-9.7298975,-6.867742,-10.877368,-7.0692043,-5.720282,-11.075705,-4.8210826,-6.223728,-4.36431,-8.80388,-7.2283874,-7.489233,-7.870951,-4.382333,-5.454344,-2.4886527,-4.0723124,-3.4559402,-4.2870574,-3.3011968,-3.1616287,-4.0147467,-3.2230637,-2.9753542,-1.8563441,0.0
113.0,-377.1632,83.56193,-29.998205,1.3914475,-9.200946,-6.9844494,-5.3132052,-9.553992,-3.766157,-5.908193,-9.528587,-8.958262,-6.611005,-6.9167023,-7.597766,-7.070411,-10.013205,-12.680032,-6.648827,-5.0687227,-5.0354095,1.515479,1.9635135,-3.560132,-7.2697425,-10.589044,-9.344398,-4.314617,-2.890236,-3.7951431,-5.9965897,-4.731615,-1.8673434,-2.113845,-4.059375,-4.889962,-2.11728,-0.71757317,-2.3842037,-2.7505715,0.0
114.0,-417.37097,116.98878,-55.4475,21.2163,-21.990696,2.3309643,-18.43701,-4.4646697,-6.552789,-12.534465,-8.442619,-11.356856,-8.0691595,-13.360446,-5.3471923,-11.431891,-6.9068127,-11.631888,-8.945337,-8.452509,-12.271025,-5.530621,-7.8764734,-5.5243587,-7.195784,-4.863323,-5.633169,-5.7706175,-5.101415,-6.6753693,-4.479141,-5.6716723,-4.766634,-4.4391637,-3.3309789,-4.246106,-3.0887568,-2.314738,-1.5490363,-1.1193266,0.0
115.0,-439.94165,125.820564,-59.739643,24.507317,-24.20663,5.4467797,-19.785955,-3.6998415,-9.344036,-9.993962,-8.157559,-13.465285,-6.7952123,-13.896035,-5.741562,-12.363589,-6.5019054,-12.368851,-9.051951,-8.250735,-11.751432,-6.4994807,-7.8006134,-5.2606735,-7.757653,-3.9951875,-6.3393955,-5.240242,-4.3702025,-6.795652,-4.172846,-4.3687415,-4.3201566,-5.6334686,-4.0708485,-4.6043043,-3.914838,-3.5758746,-2.23266,-2.198012,0.0
116.0,-422.6327,120.61891,-53.498188,19.140442,-20.235123,0.16465572,-17.021818,-5.139596,-10.12235,-11.413214,-9.049864,-11.781267,-6.562692,-12.95685,-4.7986574,-11.048373,-6.4379845,-11.517739,-9.767615,-7.7151723,-11.945027,-7.0898323,-8.311058,-6.1869984,-7.9095535,-4.5401077,-6.0885377,-4.717355,-2.5786512,-5.100232,-3.060556,-4.3869605,-3.2494452,-3.0625637,-3.3974419,-3.2427847,-2.9118755,-3.43412,-2.021358,-2.4019794,0.0
117.0,-444.13342,124.943825,-57.5976,23.206589,-22.277702,3.8874881,-18.490004,-4.00069,-10.94033,-9.939194,-9.605596,-12.892115,-5.51498,-12.017933,-3.7937486,-10.85251,-6.2986364,-11.236624,-7.7674336,-7.8135457,-10.888483,-6.6390743,-7.7238617,-5.712013,-8.229483,-4.1764407,-7.7179027,-6.256775,-4.746879,-6.2042303,-2.7524312,-3.6178668,-3.3262694,-4.3272943,-3.815947,-4.2606277,-1.7310333,-2.6276703,-2.228179,-2.4910073,0.0
118.0,-464.9967,131.8475,-63.72819,28.263245,-26.160265,6.1147375,-23.18726,0.5623094,-11.412543,-8.300708,-7.7858696,-12.619865,-4.842437,-15.0825205,-2.0031042,-11.201825,-7.811956,-10.794144,-7.2130804,-8.273676,-11.520132,-6.6972904,-8.601719,-5.83476,-10.055045,-5.7953973,-7.5924625,-6.9072113,-3.2259123,-4.99682,-2.5210543,-4.396511,-4.086512,-4.932393,-3.3186913,-3.727925,-2.2800064,-3.3620112,-3.126253,-1.6011579,0.0
119.0,-447.72104,128.96544,-63.673233,25.668344,-26.833519,6.566066,-18.25817,-1.5928352,-11.629237,-9.705584,-8.885079,-13.644705,-7.521092,-14.164941,-3.6356459,-12.207565,-7.7790737,-13.289324,-8.273687,-8.257254,-12.030091,-6.6514564,-9.504314,-5.921367,-9.153487,-5.162733,-4.1079006,-4.1333275,-2.5028646,-4.1312084,-3.0700362,-3.3597856,-2.11544,-4.154294,-3.896637,-3.6033695,-1.3650103,-1.7297044,-1.4745082,-2.3207266,0.0
120.0,-378.12955,101.487305,-44.101284,14.064248,-22.403498,0.14141876,-10.139374,-8.712211,-4.261301,-14.60167,-7.711482,-12.237313,-8.033505,-11.274655,-10.876401,-6.2285943,-7.563583,-10.473102,-6.2693157,-8.444742,-10.031646,-3.7559547,-5.5447454,-3.522799,-5.673822,-7.808098,-7.424027,-6.448088,-5.214866,-6.527019,-2.5085914,-2.8674603,-1.9361846,-1.3243021,-3.7303238,-3.2548618,-3.3764513,-1.9357882,-1.213296,-1.5452797,0.0
121.0,-442.22458,129.95177,-57.66137,23.202188,-22.884256,6.2711473,-14.976376,-4.2412434,-9.289466,-9.775229,-8.594958,-13.726076,-7.0570245,-15.023362,-4.1894245,-13.120951,-6.82941,-10.173251,-8.963757,-7.082449,-11.947516,-7.77878,-9.490825,-6.6826158,-9.798942,-6.0949683,-6.5369873,-6.540212,-5.616287,-6.198212,-4.6557965,-4.3769617,-4.403668,-5.6407084,-4.201201,-4.409346,-4.2702885,-4.5334473,-1.4082733,-0.12054162,0.0
122.0,-443.5647,129.15921,-61.627953,23.711514,-26.942272,8.628004,-15.04243,-6.1427574,-10.147783,-9.629978,-8.720765,-12.812781,-8.248888,-13.354529,-2.7784321,-13.021609,-5.5419497,-10.229682,-8.973687,-7.451204,-10.775815,-6.4638042,-8.014933,-6.824354,-10.720172,-6.2279615,-4.900119,-3.2662504,-3.0672815,-4.0996203,-4.0620723,-2.671176,-1.0786935,-3.9442637,-1.3822204,-2.0276532,-3.0186095,-2.9464495,-1.8782951,-2.084922,0.0
123.0,-425.94583,123.11333,-52.413063,25.086605,-21.836758,8.022815,-17.718376,-3.7838387,-5.83736,-9.160089,-5.912546,-11.357169,-6.7884116,-9.298696,-3.2519479,-13.144602,-5.745829,-10.91412,-9.799829,-6.4839983,-8.807536,-3.6587994,-2.467949,0.73930746,-2.6972694,-2.0316994,-4.73815,-4.38129,-5.365191,-4.039045,-2.065656,-3.6801972,-0.88346916,-4.00194,-3.065761,-2.002972,-1.9570515,-2.6093712,-0.33388966,-0.6426717,0.0
124.0,-414.99512,119.74391,-51.856213,20.430502,-23.453856,4.26758,-12.076313,-7.660788,-7.2345285,-8.764098,-9.395248,-12.627468,-10.164384,-12.153927,-4.6187577,-13.141708,-6.2529144,-10.025122,-10.355529,-8.228171,-12.532679,-8.66692,-8.840424,-6.284977,-9.516653,-6.2751927,-4.785423,-5.632494,-3.9167438,-4.3442025,-4.0586543,-4.693931,-3.3309863,-5.4570603,-4.509142,-4.9598136,-5.0882525,-3.7567213,-1.229055,-1.4182328,0.0
125.0,-420.45105,120.675896,-54.57891,21.931707,-22.31903,0.32887104,-16.4815,-10.187734,-8.03715,-11.232666,-6.979594,-10.144421,-9.244188,-10.499169,-4.5932755,-14.369871,-7.70354,-11.9507065,-11.626952,-9.298721,-14.003048,-7.693259,-7.214232,-4.640094,-6.2769,-4.470261,-3.7904997,-4.9718328,-4.1927404,-4.4900556,-4.829643,-5.605309,-5.0305862,-5.376333,-3.4905698,-3.1657426,-2.7619526,-3.0611393,-1.1527008,-1.676705,0.0
126.0,-408.4119,116.92379,-51.26462,15.8663645,-20.317465,2.0196536,-14.243711,-7.238718,-6.363875,-10.721193,-7.2135158,-11.588629,-7.7772384,-11.782465,-4.4690514,-11.183383,-7.713913,-9.759088,-8.838416,-7.5263953,-12.065672,-6.3958716,-9.50452,-6.587073,-8.343849,-6.1667056,-3.927985,-5.0385633,-2.7505145,-5.2200074,-5.3825836,-4.2920666,-2.2455068,-3.536162,-3.229102,-2.9913669,-2.3128743,-1.8079748,-2.971125,-2.545429,0.0
,-375.354,108.51175,8.091286,22.223026,23.738464,13.8974,-4.44435,-11.62628,-8.640442,-6.8940687,-10.19733,3.8173885,-5.734418,-1.8612806,0.56648517,2.5972059,-0.34308016,5.196903,3.1433935,0.08356334,-0.7877891,2.8495378,1.652802,-1.0210427,-3.592289,-2.7189362,-5.699259,-3.9961927,-3.1125488,-1.9736185,-3.9279559,-1.5936587,-1.3067594,-0.47286445,-4.169799,-1.9179388,-2.385277,-0.23566645,0.87802696,3.4249084,0.0
,-364.16583,114.035324,1.137593,11.359743,8.424205,15.582327,4.7173395,-12.241429,-14.998277,-10.529292,-12.040006,0.25163755,-5.891402,-1.2737095,0.28105742,3.7169986,0.7535466,6.5454545,1.3324906,1.3149872,3.3891673,-0.3226494,-4.067129,0.124805465,-0.019498434,0.4664136,-4.010785,-1.036643,-2.369555,-2.4828553,-3.5163023,-0.5633458,-1.7260308,-0.91732883,-4.1935415,-2.8551183,-0.30402812,3.3918188,0.53663296,2.4037046,1.0
,-281.6329,132.57253,-3.4169927,9.835952,9.530427,11.131528,5.824734,14.179263,6.661722,5.764523,2.948358,6.8887587,3.0898886,1.7326059,0.23200265,-1.4542185,-1.2014191,3.3060548,0.5528884,5.085941,2.5496383,1.3669735,-1.4203184,0.36146492,-2.3816874,0.5534799,-2.117833,-1.054942,-2.0239396,0.001995367,-0.9311918,1.4201858,-1.0825653,1.8136927,0.13327459,2.2463763,0.09635042,0.55105954,-0.39612734,0.30312163,1.0
,-285.24326,131.68744,-4.3023434,9.467438,8.659689,12.697734,5.69828,14.115981,7.6977735,5.5793,3.7565796,8.582161,3.3502564,1.8269782,-2.1786385,-2.6086814,-2.558438,2.439572,-0.005264724,4.382578,1.9392642,1.20471,-1.3365368,0.7732173,-1.4581293,1.7628446,-1.9575509,-0.5754557,-2.623871,-0.43538487,-1.5645177,1.3974963,-0.46427584,2.9936755,0.7816737,2.875957,0.5176305,1.0729221,-0.21340173,0.886768,1.0
,-281.6329,132.57253,-3.4169927,9.835952,9.530427,11.131528,5.824734,14.179263,6.661722,5.764523,2.948358,6.8887587,3.0898886,1.7326059,0.23200265,-1.4542185,-1.2014191,3.3060548,0.5528884,5.085941,2.5496383,1.3669735,-1.4203184,0.36146492,-2.3816874,0.5534799,-2.117833,-1.054942,-2.0239396,0.001995367,-0.9311918,1.4201858,-1.0825653,1.8136927,0.13327459,2.2463763,0.09635042,0.55105954,-0.39612734,0.30312163,0.0
,-285.24326,131.68744,-4.3023434,9.467438,8.659689,12.697734,5.69828,14.115981,7.6977735,5.5793,3.7565796,8.582161,3.3502564,1.8269782,-2.1786385,-2.6086814,-2.558438,2.439572,-0.005264724,4.382578,1.9392642,1.20471,-1.3365368,0.7732173,-1.4581293,1.7628446,-1.9575509,-0.5754557,-2.623871,-0.43538487,-1.5645177,1.3974963,-0.46427584,2.9936755,0.7816737,2.875957,0.5176305,1.0729221,-0.21340173,0.886768,1.0
,-302.88544,138.03735,-1.4052899,13.605086,4.072634,12.505792,11.71159,13.502482,13.869704,14.575157,9.790277,12.862146,2.630542,2.8355587,-2.1456366,3.272566,2.8663354,4.951483,1.0688593,3.4343162,5.455952,8.441262,5.8517456,4.20625,0.018670432,2.8394275,3.1955798,5.4816837,2.0554464,2.07501,0.71127886,3.4784727,2.3656898,2.841505,-0.19745104,1.4313022,1.8803046,3.356533,0.31934026,0.89080894,1.0
,-266.80963,146.5926,1.6672639,18.121754,1.5514172,8.274923,7.8415823,7.9039598,11.267735,7.3715224,2.3520107,12.88723,4.6708145,0.77699554,-2.1060348,2.5275075,0.024577549,5.0166106,-2.8315623,2.7189178,4.2210727,2.7576847,3.1483119,5.1024327,0.59693044,4.386052,0.74099493,4.313321,2.5573103,-1.1257546,-2.622323,2.6679418,1.135703,-0.53288865,0.7538673,0.22159173,-0.68175495,3.8536975,-1.896543,-0.695767,1.0
,-348.71387,146.5894,-2.5762718,1.6246978,11.768841,1.3532755,0.9098981,4.4761295,-1.4960818,-6.3785086,-8.69141,1.6838058,-4.575695,-1.0653065,-0.06848592,0.97048724,-2.823029,4.174353,1.6654243,2.3361073,-1.5181713,-0.8082876,1.947697,1.7129592,-2.1065898,1.5718404,-1.595204,0.71905303,0.6505937,-0.53906107,-2.2779098,-0.24291289,-1.2192377,-0.8001333,-3.1459434,-0.30710924,1.4304954,0.6409792,-1.6056412,0.635861,1.0
,-346.22775,149.80249,-4.052346,-8.184199,0.1878021,-8.279134,0.823422,-0.4547516,-13.548517,-8.534901,-4.1062784,1.111242,-4.8513174,4.8659945,4.6561337,0.618694,-1.7942992,10.104913,0.6914411,-4.4538817,1.4349111,4.794089,-2.8064747,3.117699,5.3614373,2.0189135,-3.1906626,5.9447103,2.2708263,-3.470374,-0.08145476,5.3936906,-1.688918,-0.16162863,-0.9301625,0.30131397,-0.63471156,-0.30963087,-1.5162381,1.0629169,1.0
,-297.90662,132.08972,0.99334633,25.549334,8.240096,9.677083,2.1868584,0.0758561,-2.0683908,-4.1229835,0.42202517,9.383099,0.9933546,1.9227415,-1.3941865,0.7979014,1.4391849,1.3932637,1.3202217,1.6068958,0.8213316,-1.5258943,-1.2122798,-2.0156736,-3.1311972,-0.4870159,-1.1489929,0.50187093,0.49104974,0.42839336,0.26940662,2.367505,3.0399866,1.3769097,0.07974632,0.98917496,1.3951788,1.8739616,1.3246356,0.16120356,1.0
,-346.22775,149.80249,-4.052346,-8.184199,0.1878021,-8.279134,0.823422,-0.4547516,-13.548517,-8.534901,-4.1062784,1.111242,-4.8513174,4.8659945,4.6561337,0.618694,-1.7942992,10.104913,0.6914411,-4.4538817,1.4349111,4.794089,-2.8064747,3.117699,5.3614373,2.0189135,-3.1906626,5.9447103,2.2708263,-3.470374,-0.08145476,5.3936906,-1.688918,-0.16162863,-0.9301625,0.30131397,-0.63471156,-0.30963087,-1.5162381,1.0629169,1.0
,-297.90662,132.08972,0.99334633,25.549334,8.240096,9.677083,2.1868584,0.0758561,-2.0683908,-4.1229835,0.42202517,9.383099,0.9933546,1.9227415,-1.3941865,0.7979014,1.4391849,1.3932637,1.3202217,1.6068958,0.8213316,-1.5258943,-1.2122798,-2.0156736,-3.1311972,-0.4870159,-1.1489929,0.50187093,0.49104974,0.42839336,0.26940662,2.367505,3.0399866,1.3769097,0.07974632,0.98917496,1.3951788,1.8739616,1.3246356,0.16120356,1.0
,-346.22775,149.80249,-4.052346,-8.184199,0.1878021,-8.279134,0.823422,-0.4547516,-13.548517,-8.534901,-4.1062784,1.111242,-4.8513174,4.8659945,4.6561337,0.618694,-1.7942992,10.104913,0.6914411,-4.4538817,1.4349111,4.794089,-2.8064747,3.117699,5.3614373,2.0189135,-3.1906626,5.9447103,2.2708263,-3.470374,-0.08145476,5.3936906,-1.688918,-0.16162863,-0.9301625,0.30131397,-0.63471156,-0.30963087,-1.5162381,1.0629169,1.0
,-210.42583,153.88742,-3.3514452,18.682428,3.142256,9.5921,2.1509078,-0.11536624,-1.886849,1.4854685,-1.1118181,3.453085,-5.811318,0.38369787,-2.9546218,0.2744255,-0.118770406,2.4637055,-2.0263672,0.10792606,-0.50063276,-0.57155025,-1.4426856,-1.2440673,-1.8663521,-0.7298134,-3.303069,-0.8612606,-1.4407349,1.6260948,-0.30558464,2.5497222,0.40018162,0.41478908,-2.1314647,0.039889507,-1.213878,-0.15787075,-1.5967486,0.8678692,
,-346.22775,149.80249,-4.052346,-8.184199,0.1878021,-8.279134,0.823422,-0.4547516,-13.548517,-8.534901,-4.1062784,1.111242,-4.8513174,4.8659945,4.6561337,0.618694,-1.7942992,10.104913,0.6914411,-4.4538817,1.4349111,4.794089,-2.8064747,3.117699,5.3614373,2.0189135,-3.1906626,5.9447103,2.2708263,-3.470374,-0.08145476,5.3936906,-1.688918,-0.16162863,-0.9301625,0.30131397,-0.63471156,-0.30963087,-1.5162381,1.0629169,
